{
  "project_info": {
    "project_number": "1086024639078",
    "firebase_url": "https://fir-led-53612.firebaseio.com",
    "project_id": "fir-led-53612",
    "storage_bucket": "fir-led-53612.appspot.com"
  },
  "client": [
    {
      "client_info": {
        "mobilesdk_app_id": "1:1086024639078:android:23d619fa01ab163a07c3a7",
        "android_client_info": {
          "package_name": "com.example.firebaseled"
        }
      },
      "oauth_client": [
        {
          "client_id": "1086024639078-788qk12s69k3pl954rotqpsvtm30uksd.apps.googleusercontent.com",
          "client_type": 3
        }
      ],
      "api_key": [
        {
          "current_key": "AIzaSyANxmCuUIEPRLCDEi-7OzNmzFUJ5OtCvp8"
        }
      ],
      "services": {
        "appinvite_service": {
          "other_platform_oauth_client": [
            {
              "client_id": "1086024639078-788qk12s69k3pl954rotqpsvtm30uksd.apps.googleusercontent.com",
              "client_type": 3
            }
          ]
        }
      }
    }
  ],
  "configuration_version": "1"
}